url,date
https://n.news.naver.com/mnews/article/009/0000437500?sid=101,2005.05.01
https://n.news.naver.com/mnews/article/009/0000437553?sid=101,2005.05.01
https://n.news.naver.com/mnews/article/009/0000437522?sid=101,2005.05.01
https://n.news.naver.com/mnews/article/009/0000437569?sid=101,2005.05.01
https://n.news.naver.com/mnews/article/009/0000437454?sid=101,2005.05.01
https://n.news.naver.com/mnews/article/009/0000437555?sid=101,2005.05.01
https://n.news.naver.com/mnews/article/009/0000437558?sid=101,2005.05.01
https://n.news.naver.com/mnews/article/009/0000437456?sid=101,2005.05.01
https://n.news.naver.com/mnews/article/009/0000437713?sid=101,2005.05.02
https://n.news.naver.com/mnews/article/009/0000437628?sid=110,2005.05.02
https://n.news.naver.com/mnews/article/009/0000437840?sid=101,2005.05.02
https://n.news.naver.com/mnews/article/009/0000437635?sid=101,2005.05.02
https://n.news.naver.com/mnews/article/009/0000437880?sid=101,2005.05.02
https://n.news.naver.com/mnews/article/009/0000437634?sid=101,2005.05.02
https://n.news.naver.com/mnews/article/009/0000437763?sid=101,2005.05.02
https://n.news.naver.com/mnews/article/009/0000437753?sid=101,2005.05.02
https://n.news.naver.com/mnews/article/009/0000438041?sid=101,2005.05.03
https://n.news.naver.com/mnews/article/009/0000438099?sid=101,2005.05.03
https://n.news.naver.com/mnews/article/009/0000438104?sid=101,2005.05.03
https://n.news.naver.com/mnews/article/009/0000438043?sid=101,2005.05.03
https://n.news.naver.com/mnews/article/009/0000438042?sid=101,2005.05.03
https://n.news.naver.com/mnews/article/009/0000438151?sid=101,2005.05.03
https://n.news.naver.com/mnews/article/009/0000438288?sid=101,2005.05.04
https://n.news.naver.com/mnews/article/009/0000438231?sid=101,2005.05.04
https://n.news.naver.com/mnews/article/009/0000438305?sid=101,2005.05.04
https://n.news.naver.com/mnews/article/009/0000438307?sid=101,2005.05.04
https://n.news.naver.com/mnews/article/009/0000438245?sid=101,2005.05.04
https://n.news.naver.com/mnews/article/009/0000360854?sid=101,2005.05.04
https://n.news.naver.com/mnews/article/009/0000438266?sid=101,2005.05.04
https://n.news.naver.com/mnews/article/009/0000438166?sid=101,2005.05.04
https://n.news.naver.com/mnews/article/009/0000438452?sid=101,2005.05.05
https://n.news.naver.com/mnews/article/009/0000438499?sid=101,2005.05.05
https://n.news.naver.com/mnews/article/009/0000438484?sid=101,2005.05.05
https://n.news.naver.com/mnews/article/009/0000438515?sid=101,2005.05.06
https://n.news.naver.com/mnews/article/009/0000438696?sid=101,2005.05.06
https://n.news.naver.com/mnews/article/009/0000438625?sid=101,2005.05.06
https://n.news.naver.com/mnews/article/009/0000438580?sid=101,2005.05.06
https://n.news.naver.com/mnews/article/009/0000438689?sid=101,2005.05.06
https://n.news.naver.com/mnews/article/009/0000438578?sid=101,2005.05.06
https://n.news.naver.com/mnews/article/009/0000438733?sid=101,2005.05.08
https://n.news.naver.com/mnews/article/009/0000438839?sid=101,2005.05.08
https://n.news.naver.com/mnews/article/009/0000438780?sid=101,2005.05.08
https://n.news.naver.com/mnews/article/009/0000438734?sid=101,2005.05.08
https://n.news.naver.com/mnews/article/009/0000438731?sid=101,2005.05.08
https://n.news.naver.com/mnews/article/009/0000439101?sid=101,2005.05.09
https://n.news.naver.com/mnews/article/009/0000439114?sid=101,2005.05.09
https://n.news.naver.com/mnews/article/009/0000439061?sid=101,2005.05.09
https://n.news.naver.com/mnews/article/009/0000439039?sid=101,2005.05.09
https://n.news.naver.com/mnews/article/009/0000438896?sid=101,2005.05.09
https://n.news.naver.com/mnews/article/009/0000439066?sid=101,2005.05.09
https://n.news.naver.com/mnews/article/009/0000439176?sid=110,2005.05.09
https://n.news.naver.com/mnews/article/009/0000439132?sid=101,2005.05.09
https://n.news.naver.com/mnews/article/009/0000439125?sid=101,2005.05.09
https://n.news.naver.com/mnews/article/009/0000438948?sid=101,2005.05.09
https://n.news.naver.com/mnews/article/009/0000439028?sid=101,2005.05.09
https://n.news.naver.com/mnews/article/009/0000439180?sid=101,2005.05.09
https://n.news.naver.com/mnews/article/009/0000438943?sid=101,2005.05.09
https://n.news.naver.com/mnews/article/009/0000439226?sid=101,2005.05.10
https://n.news.naver.com/mnews/article/009/0000439271?sid=101,2005.05.10
https://n.news.naver.com/mnews/article/009/0000439240?sid=101,2005.05.10
https://n.news.naver.com/mnews/article/009/0000362693?sid=101,2005.05.10
https://n.news.naver.com/mnews/article/009/0000439263?sid=101,2005.05.10
https://n.news.naver.com/mnews/article/009/0000439361?sid=101,2005.05.10
https://n.news.naver.com/mnews/article/009/0000362741?sid=102,2005.05.10
https://n.news.naver.com/mnews/article/009/0000439516?sid=101,2005.05.11
https://n.news.naver.com/mnews/article/009/0000439522?sid=101,2005.05.11
https://n.news.naver.com/mnews/article/009/0000363116?sid=101,2005.05.11
https://n.news.naver.com/mnews/article/009/0000439517?sid=101,2005.05.11
https://n.news.naver.com/mnews/article/009/0000439515?sid=101,2005.05.11
https://n.news.naver.com/mnews/article/009/0000439512?sid=101,2005.05.11
https://n.news.naver.com/mnews/article/009/0000439510?sid=101,2005.05.11
https://n.news.naver.com/mnews/article/009/0000439513?sid=101,2005.05.11
https://n.news.naver.com/mnews/article/009/0000362907?sid=101,2005.05.11
https://n.news.naver.com/mnews/article/009/0000363215?sid=110,2005.05.11
https://n.news.naver.com/mnews/article/009/0000439511?sid=101,2005.05.11
https://n.news.naver.com/mnews/article/009/0000439514?sid=101,2005.05.11
https://n.news.naver.com/mnews/article/009/0000439748?sid=101,2005.05.12
https://n.news.naver.com/mnews/article/009/0000439792?sid=101,2005.05.12
https://n.news.naver.com/mnews/article/009/0000439739?sid=101,2005.05.12
https://n.news.naver.com/mnews/article/009/0000439797?sid=101,2005.05.12
https://n.news.naver.com/mnews/article/009/0000439657?sid=101,2005.05.12
https://n.news.naver.com/mnews/article/009/0000439746?sid=101,2005.05.12
https://n.news.naver.com/mnews/article/009/0000439651?sid=101,2005.05.12
https://n.news.naver.com/mnews/article/009/0000439830?sid=101,2005.05.12
https://n.news.naver.com/mnews/article/009/0000363439?sid=101,2005.05.12
https://n.news.naver.com/mnews/article/009/0000439810?sid=101,2005.05.12
https://n.news.naver.com/mnews/article/009/0000439994?sid=102,2005.05.13
https://n.news.naver.com/mnews/article/009/0000440010?sid=101,2005.05.13
https://n.news.naver.com/mnews/article/009/0000439859?sid=101,2005.05.13
https://n.news.naver.com/mnews/article/009/0000440022?sid=101,2005.05.14
https://n.news.naver.com/mnews/article/009/0000440177?sid=101,2005.05.15
https://n.news.naver.com/mnews/article/009/0000440063?sid=101,2005.05.15
https://n.news.naver.com/mnews/article/009/0000440147?sid=101,2005.05.15
https://n.news.naver.com/mnews/article/009/0000440066?sid=101,2005.05.15
https://n.news.naver.com/mnews/article/009/0000440180?sid=101,2005.05.15
https://n.news.naver.com/mnews/article/009/0000440062?sid=101,2005.05.15
https://n.news.naver.com/mnews/article/009/0000364092?sid=102,2005.05.16
https://n.news.naver.com/mnews/article/009/0000440433?sid=101,2005.05.16
https://n.news.naver.com/mnews/article/009/0000440398?sid=101,2005.05.16
https://n.news.naver.com/mnews/article/009/0000440366?sid=101,2005.05.16
https://n.news.naver.com/mnews/article/009/0000364088?sid=102,2005.05.16
https://n.news.naver.com/mnews/article/009/0000440382?sid=101,2005.05.16
https://n.news.naver.com/mnews/article/009/0000440394?sid=101,2005.05.16
https://n.news.naver.com/mnews/article/009/0000440250?sid=101,2005.05.16
https://n.news.naver.com/mnews/article/009/0000365636?sid=101,2005.05.17
https://n.news.naver.com/mnews/article/009/0000440484?sid=101,2005.05.17
https://n.news.naver.com/mnews/article/009/0000365642?sid=101,2005.05.17
https://n.news.naver.com/mnews/article/009/0000440466?sid=101,2005.05.17
https://n.news.naver.com/mnews/article/009/0000440434?sid=101,2005.05.17
https://n.news.naver.com/mnews/article/009/0000365626?sid=110,2005.05.17
https://n.news.naver.com/mnews/article/009/0000440472?sid=101,2005.05.17
https://n.news.naver.com/mnews/article/009/0000365874?sid=101,2005.05.17
https://n.news.naver.com/mnews/article/009/0000365998?sid=101,2005.05.17
https://n.news.naver.com/mnews/article/009/0000440796?sid=101,2005.05.18
https://n.news.naver.com/mnews/article/009/0000440762?sid=101,2005.05.18
https://n.news.naver.com/mnews/article/009/0000440666?sid=101,2005.05.18
https://n.news.naver.com/mnews/article/009/0000440592?sid=101,2005.05.18
https://n.news.naver.com/mnews/article/009/0000440768?sid=101,2005.05.18
https://n.news.naver.com/mnews/article/009/0000440789?sid=110,2005.05.18
https://n.news.naver.com/mnews/article/009/0000440769?sid=101,2005.05.18
https://n.news.naver.com/mnews/article/009/0000440993?sid=101,2005.05.19
https://n.news.naver.com/mnews/article/009/0000440894?sid=101,2005.05.19
https://n.news.naver.com/mnews/article/009/0000441049?sid=101,2005.05.19
https://n.news.naver.com/mnews/article/009/0000440889?sid=101,2005.05.19
https://n.news.naver.com/mnews/article/009/0000441023?sid=101,2005.05.19
https://n.news.naver.com/mnews/article/009/0000440895?sid=101,2005.05.19
https://n.news.naver.com/mnews/article/009/0000366712?sid=101,2005.05.20
https://n.news.naver.com/mnews/article/009/0000441228?sid=101,2005.05.20
https://n.news.naver.com/mnews/article/009/0000441094?sid=101,2005.05.20
https://n.news.naver.com/mnews/article/009/0000441256?sid=101,2005.05.21
https://n.news.naver.com/mnews/article/009/0000367133?sid=101,2005.05.22
https://n.news.naver.com/mnews/article/009/0000367134?sid=101,2005.05.22
https://n.news.naver.com/mnews/article/009/0000441300?sid=101,2005.05.22
https://n.news.naver.com/mnews/article/009/0000441332?sid=101,2005.05.22
https://n.news.naver.com/mnews/article/009/0000441263?sid=101,2005.05.22
https://n.news.naver.com/mnews/article/009/0000367136?sid=101,2005.05.22
https://n.news.naver.com/mnews/article/009/0000441562?sid=101,2005.05.23
https://n.news.naver.com/mnews/article/009/0000441550?sid=101,2005.05.23
https://n.news.naver.com/mnews/article/009/0000441408?sid=101,2005.05.23
https://n.news.naver.com/mnews/article/009/0000441677?sid=101,2005.05.24
https://n.news.naver.com/mnews/article/009/0000441621?sid=101,2005.05.24
https://n.news.naver.com/mnews/article/009/0000441670?sid=101,2005.05.24
https://n.news.naver.com/mnews/article/009/0000441600?sid=101,2005.05.24
https://n.news.naver.com/mnews/article/009/0000441681?sid=101,2005.05.24
https://n.news.naver.com/mnews/article/009/0000441806?sid=101,2005.05.24
https://n.news.naver.com/mnews/article/009/0000441629?sid=101,2005.05.24
https://n.news.naver.com/mnews/article/009/0000441803?sid=110,2005.05.24
https://n.news.naver.com/mnews/article/009/0000441581?sid=101,2005.05.24
https://n.news.naver.com/mnews/article/009/0000441798?sid=101,2005.05.24
https://n.news.naver.com/mnews/article/009/0000441795?sid=101,2005.05.24
https://n.news.naver.com/mnews/article/009/0000441729?sid=101,2005.05.24
https://n.news.naver.com/mnews/article/009/0000441669?sid=101,2005.05.24
https://n.news.naver.com/mnews/article/009/0000441824?sid=101,2005.05.25
https://n.news.naver.com/mnews/article/009/0000441825?sid=101,2005.05.25
https://n.news.naver.com/mnews/article/009/0000441990?sid=110,2005.05.25
https://n.news.naver.com/mnews/article/009/0000441996?sid=101,2005.05.25
https://n.news.naver.com/mnews/article/009/0000441948?sid=101,2005.05.25
https://n.news.naver.com/mnews/article/009/0000441920?sid=101,2005.05.25
https://n.news.naver.com/mnews/article/009/0000442228?sid=101,2005.05.26
https://n.news.naver.com/mnews/article/009/0000441960?sid=101,2005.05.26
https://n.news.naver.com/mnews/article/009/0000442111?sid=101,2005.05.26
https://n.news.naver.com/mnews/article/009/0000368571?sid=102,2005.05.26
https://n.news.naver.com/mnews/article/009/0000442165?sid=101,2005.05.26
https://n.news.naver.com/mnews/article/009/0000368735?sid=101,2005.05.27
https://n.news.naver.com/mnews/article/009/0000368825?sid=102,2005.05.27
https://n.news.naver.com/mnews/article/009/0000442243?sid=110,2005.05.27
https://n.news.naver.com/mnews/article/009/0000369035?sid=102,2005.05.27
https://n.news.naver.com/mnews/article/009/0000442322?sid=101,2005.05.27
https://n.news.naver.com/mnews/article/009/0000442375?sid=101,2005.05.28
https://n.news.naver.com/mnews/article/009/0000442394?sid=101,2005.05.29
https://n.news.naver.com/mnews/article/009/0000442505?sid=101,2005.05.29
https://n.news.naver.com/mnews/article/009/0000442397?sid=101,2005.05.29
https://n.news.naver.com/mnews/article/009/0000442516?sid=110,2005.05.29
https://n.news.naver.com/mnews/article/009/0000442393?sid=101,2005.05.29
https://n.news.naver.com/mnews/article/009/0000442521?sid=101,2005.05.30
https://n.news.naver.com/mnews/article/009/0000442740?sid=101,2005.05.30
https://n.news.naver.com/mnews/article/009/0000442754?sid=101,2005.05.30
https://n.news.naver.com/mnews/article/009/0000442744?sid=101,2005.05.30
https://n.news.naver.com/mnews/article/009/0000442523?sid=101,2005.05.30
